{"cameraMode":{"drawMode":0,"name":"Shaded","section":"Shading Mode"},"sceneLighting":true,"audioPlay":false,"sceneViewState":{"m_AlwaysRefresh":false,"showFog":true,"showSkybox":true,"showFlares":true,"showImageEffects":true,"showParticleSystems":true,"showVisualEffectGraphs":true,"m_FxEnabled":true},"in2DMode":false,"pivot":{"x":0.9238041043281555,"y":-12.799626350402832,"z":32.11840057373047},"rotation":{"x":0.04071417078375816,"y":-0.7328267693519592,"z":0.04402467608451843,"w":0.6777850985527039},"size":14.339094161987305,"orthographic":false}